-- phpMyAdmin SQL Dump
-- version 5.2.1
-- https://www.phpmyadmin.net/
--
-- Host: 127.0.0.1
-- Generation Time: Jul 08, 2024 at 01:16 PM
-- Server version: 10.4.28-MariaDB
-- PHP Version: 8.2.4

SET SQL_MODE = "NO_AUTO_VALUE_ON_ZERO";
START TRANSACTION;
SET time_zone = "+00:00";


/*!40101 SET @OLD_CHARACTER_SET_CLIENT=@@CHARACTER_SET_CLIENT */;
/*!40101 SET @OLD_CHARACTER_SET_RESULTS=@@CHARACTER_SET_RESULTS */;
/*!40101 SET @OLD_COLLATION_CONNECTION=@@COLLATION_CONNECTION */;
/*!40101 SET NAMES utf8mb4 */;

--
-- Database: `news`
--

-- --------------------------------------------------------

--
-- Table structure for table `admins`
--

CREATE TABLE `admins` (
  `id` bigint(20) UNSIGNED NOT NULL,
  `name` varchar(500) NOT NULL,
  `username` varchar(500) NOT NULL,
  `password` varchar(100) NOT NULL,
  `image` varchar(500) DEFAULT 'user.png',
  `date` date DEFAULT NULL
) ENGINE=InnoDB DEFAULT CHARSET=utf8 COLLATE=utf8_persian_ci;

--
-- Dumping data for table `admins`
--

INSERT INTO `admins` (`id`, `name`, `username`, `password`, `image`, `date`) VALUES
(1, 'zahra', 'admin', '12345678', 'user.png', '2024-07-10'),
(2, 'ALI', 'admin2', '1212', 'avatar.png', '2024-07-31'),
(13, 'admin', 'MARI', '123', 'avatar.png', '2024-07-29'),
(14, 'کریم', 'karim', '1234', 'user.png', '2024-07-02');

-- --------------------------------------------------------

--
-- Table structure for table `articles`
--

CREATE TABLE `articles` (
  `id` bigint(20) UNSIGNED NOT NULL,
  `publicationdate` datetime NOT NULL,
  `title` varchar(500) NOT NULL,
  `summery` text NOT NULL,
  `content` longtext NOT NULL,
  `image` varchar(1000) NOT NULL,
  `source` varchar(1000) DEFAULT NULL,
  `viewcount` bigint(20) DEFAULT NULL,
  `category_id` bigint(20) UNSIGNED DEFAULT NULL,
  `admin_id` bigint(20) UNSIGNED DEFAULT NULL,
  `slug` varchar(1000) DEFAULT NULL
) ENGINE=InnoDB DEFAULT CHARSET=utf8 COLLATE=utf8_persian_ci;

--
-- Dumping data for table `articles`
--

INSERT INTO `articles` (`id`, `publicationdate`, `title`, `summery`, `content`, `image`, `source`, `viewcount`, `category_id`, `admin_id`, `slug`) VALUES
(1, '2024-07-06 08:44:34', 'hgggg', 'hgggggggggggggggggg', 'jgggggggggggggggggggggggg', 'd.jpg', 'gd', 88, 11, 13, 't6ugj'),
(2, '2024-07-06 08:42:13', 'jjjjjjjjjjj', 'jjjjjjjjjjjjjjjjjjjjjjjjjjjjjjjjjjjjjjjjjjjjjjjjjjjjjjjjjjjjjjjjjjjjjjjjjjjjjjjjjjjjj', 'jjjjjjjjjjjjjjjjjjjjjjjjjjjjjjjjjjjjjjjjjjjjjjjjjjjjjjjjjjjjjjjjjjjjjjjjjjjjjjjjjjjjjjjjj', 'ba.jpg', 'kk', 20, 16, 13, 'l'),
(3, '2024-07-06 08:37:58', 'r6yth', 'hgggggggggggggggggggggggggggggggggg', 'hmkkkkkkkkkkkkkkkkkkkkkkkkkkkkkkkkkkkkkkkkkkkkkkkkkkkkkkkkkkkkkkkkkkkkkkkkkkkkkkkkkkkkkkkkkkkkkkkkkkkkkkkkkkkkkkkkkkkkkkkkkkkkkkkkkkkkkkk', '2.jpg', '35', 3, 12, 2, 'ggfvg'),
(4, '2024-07-06 08:36:43', 'ttttttttttttt', 'tttttttttttttttttttttttttttttttttttttttttttttttttttttttttttttttttt', 'tttttsryyyyyyyyyyyyyyyyyyyyyyyyyyyyyyyyyyyyyyyyyyyyyyyyyyyyyyyyyyyyyyyyyyyyyyyyyyyyyyyyyyyyyyyyyyyyyyyyyyyyyyyyyyyyy', '1.jpg', 'uuuu', 7, 17, 2, '6tdhg'),
(5, '2024-07-02 08:48:35', 'سعید جلیلی با تشکیل دولت سایه اشراف کاملی به مسائل کشور پیدا کرده است', 'کانون دانشگاهیان ایران اسلامی در بیانیه‌ای نوشت: سعید جلیلی با تشکیل دولت سایه اشراف و احاطه کامل به مسائل، فرصت‌ها و ظرفیت‌ها پیدا کرده است.', 'کانون دانشگاهیان ایران اسلامی در بیانیه‌ای از سعید جلیلی در مرحله دوم انتخابات ریاست جمهوری چهاردهم حمایت کرد.\r\n\r\nمتن این بیانیه به شرح ذیل است:\r\n\r\nبسمه تعالی\r\nجمعه ۱۵ تیر، روز برگزاری مرحله دوم انتخابات سرنوشت‌ساز ریاست جمهوری است و رقابت فشرده‌ای بین نامزد‌های دو جریان فکری و دو اردوگاه سیاسی عمده در ایران رقم می‌خورد.\r\n\r\nدکتر پزشکیان وابسته به احزاب و تشکل‌هایی است که ۳۲ سال قوه مجریه را در اختیار داشته‌اند و آخرین مورد آن ۸ سال ریاست جمهوری روحانی بوده که با شعار‌های پر طمطراقِ رفع کامل تحریم‌ها و حل مشکلات اقتصادی، چرخیدن چرخ اقتصاد و ... افکار عمومی را مجذوب ساخت ولی نه تنها تحریم‌ها لغو نشد بلکه به دلیل تعلل، کم کاری، روحیه اشرافیگری، سوءاستفاده از موقعیت، فساد و دیپلماسی التماسی، روز به روز شرایط زندگی بر مردم را دشوارتر و نارضایتی را بیشتر کرد. خلاصه اینکه افزایش نقدینگی، تورم لجام گسیخته، رشد اقتصادی نزدیک به صفر، افزایش نرخ بیکاری، تعطیلی پروژه‌های عمرانی و زیرساختی از جمله توقف مسکن مهر سبب شد که کشور دچار خسارت‌های جبران ناپذیری شود.\r\n\r\nغربگرایان در پایان دوره موسوم به اصلاحات که کشور را با تنش‌های جدی مواجه ساخت، اعلام کردند رئیس‌جمهور اختیاراتی ندارد و صرفا یک تدارکاتچی است! و در پایان دوره روحانی هم مدعی شدند، نگذاشتند تحریم‌ها را برداریم، و اینک همین جماعت که می‌گفتند: «نمی شود، نمی‌گذارند، امیدی نیست و...»، مجدد وارد کارزار انتخاباتی شده‌اند و با توسل به شیوه‌های جنگ روانی، دوقطبی‌سازی جامعه، دامن زدن به مباحث قومیتی و مذهبی می‌کوشند تا مجدداً ۸ سال دیگر زمام قوه مجریه و مدیریت کشور را در دست بگیرند و شیوه‌های ناصواب و زیان‌بار گذشته را در جهت اهداف باندی و جناحی خود احیاء کنند!\r\n\r\nدر این شرایط خطیر با درود به شهدای مظلوم پرواز اردیبهشت به ویژه سیدالشهدای خدمت آیت‌الله رئیسی که برای خدمت به مردم و پیشرفت کشور سر از پا نمی‌شناخت و با روحیه انقلابی، پرکاری و خستگی ناپذیری اقداماتی اساسی را در کمتر از سه سال رقم زد، در انتخاب جایگزین این عالم مجاهد، شخصیتی را بر می‌گزینیم که مثل او دلسوز، پرتلاش، نستوه، صادق، ساده‌زیست، متخلق، ولایتمدار، قانون‌گرا، سلیم‌النفس، فسادستیز، مدافع حقوق مردم، حامی محرومان، پای‌بند به شایسته سالاری، با برنامه، جامع الاطراف، آینده نگر و اهل تعامل با دنیا باشد و واجد این ویژگی‌ها کسی نیست جز برادر ایثارگر و جانباز دکتر سعید جلیلی که تخصص و تجربه او در علوم سیاسی و روابط بین الملل زبانزد خاص و عام است و با تشکیل دولت سایه در ۱۱ سال گذشته اشراف و احاطه کامل به مسائل و چالش‌ها و نیز فرصت‌ها و ظرفیت‌ها پیدا کرده است به گونه‌ای که از فردای انتخابات می‌تواند اقدامات مبنایی و تحولی خویش برای بهبود وضع معیشتی و اقتصادی مردم و کشور را آغاز کند؛ لذا کانون دانشگاهیان ایران اسلامی از همه اساتید، دانشجویان و تمامی هم میهنان دوستدار عزت و عظمت ایران سربلند در داخل و خارج از کشور دعوت می‌کند تا با رای به سعید جمهور موجبات سرافرازی کشور عزیزمان را فراهم سازند و پرچم کار و فعالیتی را که شهید رئیسی برافراشت همچنان در اهتزاز نگه دارند.', 'o.jpg', 'کانون دانشگاهیان ایران اسلامی', 26, 15, 13, 'uygfusydgkcjhdgbvhcxbgjhvbgxcjhvh'),
(6, '2024-07-02 08:50:55', 'نگاهی به ابعاد حقوقی بازی همستر کامبت', 'هرچند قانون جامع و واحدی ناظر بر بازی همستر کامبت و موارد مشابه وجود ندارد، اما با اندکی مطالعه قوانین تا حدودی این خلأ قانونی جبران می‌شود.', 'اخیرا تبلیغات گسترده‌ای درباره بازی همستر کامبت در بستر فضای مجازی صورت گرفته و این امر بنا به دلایلی، نوعی دغدغه و نگرانی عمومی جامعه را، ایجاد کرده است.\r\n\r\nاز یک طرف، ظرفیت‌های قانونی موجود به اندازه کافی پاسخگوی نیازمندی‌های عموم جامعه در بستر فضای مجازی نبوده و بالتبع، ابهامات در امکان اعمال ضمانت‌اجرای قانونی بر استفاده از خدمات ارائه شده در بستر پیام‌رسان‌ها یا شبکه‌های اجتماعی و تبلیغات مصادیق مجازی متنوع در این بستر‌ها افزون شده است و از طرف دیگر، قوای اجرایی با محدودیت مواجه شده است. آشنایی اندک و یا عدم آشنایی با زبان برنامه‌نویسی، کد‌های رمزنگاری شده نرم‌افزار‌ها و یا ناکافی بودن دانش و آگاهی عمومی نسبت به منبع انتشار این مصادیق مجازی، زمینه‌ساز دغدغه‌مندی متولیان امور جامعه و صیانت‌کنندگان حقوق شهروندی از منظر حفظ و صیانت از حقوق عامه بوده است.\r\n\r\nهرچند تاکنون پیشنهادات و راهکار‌های مختلفی، چون «کنترل ابزارمحور»، «کنترل داده‌پرداز»، «مسدودسازی یا محدودسازی فضای سایبری»، «بومی‌گرایی در انتخاب مصداق مجازی»، «نظارت بر ارائه‌کننده خدمات پایه کاربردی» و ... برای برون رفت از این دغدغه‌مندی‌ها ارائه شده و تلاش‌های زیادی در مصوبه‌گذاری و تدوین سازوکار‌های نظارتی و کنترلی صورت گرفته است؛ از جمله تأسیس «شورای عالی فضای مجازی» و یا تشکیل «کارگروه (کمیته) تعیین مصادیق محتوای مجرمانه» یا تصویب قانون جرایم رایانه‌ای و آیین دادرسی مربوط به آن، لیکن شواهد موجود نشان می‌دهد که تاکنون راهبرد منسجم و سیاست جامعی برای چگونگی واکنش نسبت به بستر فضای مجازی و رخداد‌های پیرامونی آن، اتخاذ نگردیده است.\r\n\r\nالف- مشخصه‌های بارز بازی‌بات «همستر کامبت»\r\nبازی همستر کامبت در ۲۵م مارچ ۲۰۲۴، در بستر پیام‌رسان تلگرام تبلیغ و به صورت رایگان عرضه شده است.\r\n\r\n- سازوکار بازی همستر کامبت\r\nسازوکار این بازی‌بات زنجیره بلوکی تک‌نفره، این است که با ضربه زدن ساده بر روی نمایشگر دستگاه (Tap per earn)، وارد کردن کد مورس و دیلی کمبو، سکه‌های مجازی HMSTR برای فرد که احتمال تبدیل شدن به ایردراپ و نهایتا پول واقعی دارد، حاصل می‌شود. توکن این بازی‌بات در حال حاضر، باید به بستر بلاک چین TON پیوند داده شود و هنوز بر روی بستر بلاک چین TON ارائه نشده است؛ اما وعده داده شده است که به زودی این امکان نیز فراهم خواهد شد.\r\n\r\nهرچند اضافه شدن «کد مورس» یا (Morse Code) و «کارت‌های دیلی کمبو» به قابلیت‌های این بازی‌بات، امکان دریافت روزانه یک میلیون و پنج میلیون سکه را فراهم نموده است؛ اما اساسا به دلیل تحریم‌های آمریکا دسترسی به کیف پول برای کاربران ایرانی با محدودیت و ممنوعیت مواجه است و کاربران لازم است هر سه ساعت یک بار، وارد بازی شده و سکه‌های خود را پمپ کنند که این خود وقت و انرژی زیادی را از کاربران می‌گیرد و اعتیاد به بازی با آن، علاوه بر دور شدن از محیط اجتماع و خانواده، آسیب‌های اجتماعی و فرهنگی زیادی را در پی خواهد داشت.\r\n\r\nبه علاوه، توکن‌هایی که بعد از پایان هر بخش بازی به کاربر داده می‌شود مشخص نبوده و احتمال دارد شیوه توزیع و تخصیص آنها منصفانه نباشد و همین امر، سبب مجهول شدن دارایی مکتسبه از طریق این بازی‌بات شود. هم‌چنین، به دلیل فقدان کد منبع رمزارز‌های آن، احتمال واقعی نبودن سکه‌های تعلق یافته به کاربر بسیار بالاست. این امر، به نوعی مخالف با سیاست‌گذاری‌های نظام پولی و بانکداری بدون ربا نیز باشد. زیرا شائبه پولشویی (Money Laundering) را افزایش می‌دهد. کدگذاری کد مورس به روشی صورت گرفته است که در صنعت تلگراف گذشته مرسوم بوده و به صورت (خط و نقطه) است. جالب این است که استفاده از کد مذکور، به دلیل پیشرفت و توسعه شیوه‌های ارتباطی دیگر رایج و معمول نیست مگر در موارد ضروری یا در صنایع خاصی، چون موسیقی، ناوبری، هوافضای آماتور و یا در ارتباطات میان زندانیانی که اجازه تکلم ندارند و دهانشان بسته است.\r\n\r\nشرکتی که دستورالعمل کد مورس را دسته‌بندی و میزبانی می‌کند dotdash نام خود را از نماد کد مورس برای حرف A می‌گیرد. کد مورس یک کد واحد نیست. بیش از یک کد واحد است. این کد، سیگنال‌های کوتاه و بلندی را ارسال می‌کند که اعدادی را نشان می‌دهند که به کلمات تبدیل می‌شوند. در بازی همستر کامبت، کد مورس که یک کلمه است، قبلاً به کاربر داده می‌شود و او لازم است معادل آن، خط و نقطه مدنظر در الفبای مورس را در بازی وارد نماید. دستوری و از پیش تعیین شده بودن این کد، بر گمانه کلاهبرداری از طریق این بازی دامن می‌زند.\r\n\r\nقابلیت دیگری که در این بازی‌بات وجود دارد، قابلیت دعوت کردن یا invite فرد دیگری جهت دریافت پاداش است که از طریق «کد ریفرال» صورت می‌گیرد که حتی اگر اطلاعات حقیقی خود را به بازی نداده باشید، این کد به صورت اختصاصی نسبت به ردیابی الگوی الگوریتمی روابط شما با افراد دیگر و در نتیجه کشف هویت واقعی از طریق نصب انواع بدافزار بر روی گوشی و یا ساخت هویت‌های جعلی با استفاده از سیستم مهندسی اجتماعی اقدام خواهد کرد و به احتمال دیگری، چه بسا به دلیل نامشخص بودن نتیجه و سرنوشت بازی و بالا بودن تعداد کاربران استفاده‌کننده از آن، به طرح پانزی (فروپاشی بازی) منجر خواهد شد. چرا که دور و تسلسلی در زنجیره کاربران دومینووار ایجاد خواهد کرد که پایان آن غیرقابل پیش‌بینی است.\r\n\r\nشایان ذکر است که کد ریفرال (Referral Code)، با نام ثانوی کد ارجاع، به‌منظور معرفی و جذب کاربران جدید و نوعی بازاریابی دهان به دهان یا (Word of Mouth Marketing) است و امکان اشتراک از طریق پیامک، ایمیل و یا ... شما را دارد. یکی از نکاتی که می‌تواند تردید در ربایش اطلاعات افراد توسط این کد را تقویت نماید، این است که زمانی که فرد جدید با استفاده از کد ریفرال شما در پلتفرم و یا وب‌سایت مدنظر ثبت‌نام می‌کند، هر دو کاربر (معرفی‌کننده و معرفی‌شونده) پاداش را دریافت می‌کنند و این امری تصادفی نیست.\r\n\r\n- شرکت سازنده بازی همستر کامبت\r\nگفته می‌شود، این بازی یک ربات ساده تلگرامی است و هیچ اطلاعات خاصی از کاربران خود دریافت نمی‌کند؛ اما هشدار‌های جدی درباره آن توسط رسانه‌های برخی کشورها، چون جمهوری اوکراین، ازبکستان و فدراسیون روسیه داده شده است. منبع ایجادکننده و ثبت‌کننده آن به طور قطع مشخص نیست؛ اما بر اساس گمانه‌زنی‌ها، با توجه به پسوند دامنه ثبت بازی (io)، به نظر بازی به شرکت با مسئولیت محدود Arenum با طراحان روسی تعلق دارد. در یک جا موقعیت مکانی شرکت، قبرس با طراح Eduard Gurinovich روسی و دو سرمایه‌گذار از لندن و بوستون (ماساچوست آمریکا) و در جایی دیگر، موقعیت مکانی آن، استونی با طراحان روسی (Eduard Gurinovich، Viacheslav Tarasov، Evgeny Zavalov، Alexander Zelenshikov و Alexander Pasechink) و سرمایه‌گذارانی از کشور‌های مختلف، اَوِستار (AVSTAR) مستقر در جاکارتا و اندونزی، BCA Investments مستقر در آمستردام/هلند، CSP DAO در جزایر کیمن، DCT Capital در دهلی نو/هند، IOBC Capital در سنگاپور) مشاهده می‌شود که نام یک فرد در هر دو اطلاعات ثبت شده مشابه است و آن فرد Eduard Gurinovich است؛ هرچند تعلق بازی به این شرکت، صرفا در حد ظن است، لیکن به فرض یقین به موضوع، به دلیل این‌که قوانین مربوط به ذخیره‌سازی داده در کشور‌ها و به ویژه قوانین ناظر بر فعالیت شرکت‌های تجاری خصوصی و عمومی، در عرصه بین‌الملل متفاوت است.\r\n\r\nبه عنوان مثال، بر اساس قوانین مربوط به ذخیره‌سازی داده مصوب ۲۰۱۵ در کشور روسیه و یا قانون ناظر بر حفظ داده اشخاص حقیقی داده‌پرداز و جابجایی این داده‌ها مصوب ۲۰۱۸ قبرس، امکان دسترسی دستگاه‌های امنیتی یا نهاد‌های عمومی کنترل‌گر، به داده‌های شخصی کاربران نرم‌افزار‌ها و پیام‌رسان‌ها اعم از تصاویر، ویدئوها، موقعیت مکانی کاربر و ... فراهم می‌شود، موضوع به لحاظ گره خوردن با منافع ملی، حفظ نظم عمومی و صیانت از حقوق شهروندی، حائز اهمیت بوده و بررسی دقیق منشأ و مبنای عرضه‌کننده و تیم توسعه‌دهنده آن، توسط دستگاه قضایی امری ضروری به نظر می‌رسد.\r\n\r\n- ریسک‌پذیر بودن بازی همستر کامبت\r\nافزایش تعداد کاربران ممکن است به دلیل جذابیت سودآوری، افزایش صرافی‌ها و ماینر‌ها را به دنبال داشته باشد و این می‌تواند سبب تمرکز قدرت هشینگ در بین چندین گروه شود که امری بس ریسک‌پذیر بوده، امنیت شبکه را به خطر انداخته و احتمال حملات هکری را بیشتر می‌کند.\r\n\r\nدر هنگام شروع بازی‌بات، «کد جاوا اسکریپت» یا JavaScript در مرورگر به اجرا درمی‌آید که این کد می‌تواند پردازنده دستگاه را فریفته و موجبات سوءاستفاده برخی سودجویان رمزارز را فراهم کند.\r\n\r\nدستوراتی که به کد‌های جاوا اسکریپت ساختار می‌بخشند، متنوع بوده و غالبا بدون دخالت کاربر یا خودفراخوان Self-Calling، پردازش و اجراء می‌شوند. این کد به دلیل تعاملی‌تر بودن، از امنیت کافی برخوردار نیست، ابزار‌های مناسبی برای باگ‌گیری و تشخیص خطای کد‌های مذکور وجود ندارد و علاوه بر این، این کد‌ها صرفا از وراثت منفرد تعریف شده توسط طراح یا توسعه‌دهنده، پشتیبانی می‌کنند.\r\n\r\nمضافا این‌که عرضه و تبلیغ بازی‌بات مذکور از طریق صرفا پیام‌رسان تلگرام، شائبه ذی‌نفعی مالکان تلگرام از این بازی را تقویت می‌کند. زیرا به نظر می‌رسد به واسطه آن، به دنبال کسب درآمد از طریق رمزارز‌های جدید، معرفی گسترده بلاک چین TON و نمایاندن آن به عنوان فروشگاهی برای تمامی انواع اپلیکیشن‌ها بوده‌اند.\r\n\r\nب- جستاری در قوانین و مقررات مربوطه\r\nهرچند قانون جامع و واحدی ناظر بر این مسأله وجود ندارد؛ لیکن با اندکی مطالعه قوانین و مقررات در زمینه جرایم ارتکابی از طریق دستگاه‌های مجهز به سیستم عامل و در بستر فضای مجازی، تا حدودی این خلأ قانونی جبران می‌شود. در این رابطه، نظر خوانندگان را به قوانین ذیل در ارتباط به این مقوله، معطوف می‌دارم:\r\n\r\n- ماده ۷۵۳ قانون مجازات اسلامی \r\nبند (الف) ماده ۷۵۳ قانون مجازات اسلامی مرقوم داشته است که «تولید یا انتشار یا توزیع و در دسترس قرار دادن یا معامله داده‌ها یا نرم‌افزار‌ها یا هر نوع ابزار الکترونیکی که صرفاً به منظور ارتکاب جرایم رایانه‌ای به کار می‌رود»، مستوجب حبس از نود و یک روز تا یک سال یا جزای نقدی از بیست میلیون ریال تا هشتاد میلیون ریال یا هر دو مجازات است. بند (ج) ماده ۷۵۶ آن قانون نیز، صرفاً در مواردی که جرم توسط غیرایرانی یا ایرانی در خارج از ایران علیه سامانه‌های رایانه‌ای، مخابراتی و تارنما‌های مورداستفاده یا تحت کنترل قوای سه‌گانه یا نهاد رهبری یا نمایندگی‌های رسمی دولت یا هر نهاد و موسسه ارائه‌دهنده خدمت عمومی یا تارنما‌های دارای دامنه مرتبه بالای کد کشوری ایران و در سطح گسترده، ارتکاب یابد را مستوجب ضمانت‌اجرای کیفری مقرر در این ماده دانسته است.\r\n\r\nهرچند این ماده به موجب ماده ۶۹۸ قانون آیین دادرسی جرایم نیرو‌های مسلح و دادرسی الکترونیکی مصوب ۱۳۹۳/۰۷/۰۸ منسوخ شده است؛ اما عینا در بند (پ) ماده ۶۶۴ قانون اخیرالذکر، إتیان شده است.\r\n\r\n- مصوبات شورای عالی فضای مجازی\r\nدر مصوبه شماره ۱۰۶۹۱۶ مورخ ۱۴۰۱/۱۰/۲۷ شورای عالی فضای مجازی، در خصوص تعریف گستردگی محتوای تبلیغاتی آمده است: «چنانچه در ساعاتی که کاربران زیادی در کانال‌های پیام‌رسانی آنلاین هستند، به صورت بنر تمام صفحه به کاربر نمایش داده شود، تبلیغ گسترده نام دارد».\r\n\r\nبرابر ماده (۳) مصوبه شماره ۱۰۳۵۶۷/۹۴/ش مورخ ۱۳۹۴/۱۲/۱۱ شورای عالی فضای مجازی با موضوع سیاست‌های حاکم بر برنامه ملی بازی‌های رایانه‌ای «کلیه بازی‌های داخلی و خارجی برای انتشار در کشور می‌بایست از وزارت فرهنگ و ارشاد اسلامی مجوز دریافت نمایند»، اما متاسفانه، این مصوبه صرفا ناظر به بازی‌های قابل اجراء بر روی دستگاه رایانه و نه سایر دستگاه‌های مجهز به سیستم عامل Android و IOS بوده و دیگر این‌که ضمانت‌اجرایی برای عدم اجرای مفاد این ماده مشخص نیست.\r\n\r\nگفته می‌شود که سرنوشت بازی و توزیع پاداش تعلق یافته به کاربران به صورت تصادفی و مبتنی بر شانس و بخت و اقبال صورت می‌گیرد. بنابراین، وفق ماده (۱) مصوبه شماره ۱۰۶۹۱۶ مورخ ۱۴۰۱/۱۰/۲۷ شورای عالی فضای مجازی، چنانچه از طریق فضای مجازی، قمار، شرط‌بندی و یا بخت‌آزمایی صورت گیرد، بازی با آن، مشمول عنوان «قمار در فضای مجازی» خواهد بود.\r\n\r\nقمار در فضای مجازی در موردی که فرد به شیوه موهوم و کاذبی، درصدد ثروت‌اندوزی است نیز محقق می‌شود (بند ۴-۲-۳ مصوبه مارالذکر) و به فرض تحلیل رابطه کاربر و عرضه‌کننده بازی به یک رابطه قراردادی، قرارداد مذکور به دلیل محتمل بودن کسب نفع مدنظر و نتیجتا مواجهه با مخاطره غرری بودن، به مثابه عقد شانسی (احتمالی) است که وفق ماده ۶۵۵ قانون مدنی، اصل بر باطل بودن آن است مگر در موارد استثنایی که این موارد توسط قانون معین می‌شود.\r\n\r\n- ماده ۷۴۰ قانون مجازات اسلامی\r\nچنانچه به موجب بازی‌بات مذکور، داده‌های متعلق به اشخاص استفاده‌کننده از بازی به طور غیرمجاز ربوده شود و عین داده‌ها در اختیار صاحب آن باشد، در این صورت موضوع می‌تواند مشمول ماده ۷۴۰ قانون مجازات اسلامی قرار گیرد. در اینجا نیز صرف انتقال داده به طور غیرمجاز از طریق بازی با بات مذکور جرم‌انگاری شده و نه صرفِ بازی با بات مذکور که امری شایسته توجه است.\r\n\r\n- ماده ۷۵۰ و ۷۳۱ قانون مجازات اسلامی\r\nبه دلالت مطابقی و نص صریح ماده ۷۵۰ قانون مجازات اسلامی، رسیدگی کارگروه تعیین مصادیق محتوای مجرمانه، مسبوق به شکایت از مصادیق فیلتر شده، است. اگر به بازی در بستر بازی‌بات همستر (فعل) به عنوان یکی از مصادیق مجرمانه، نگاه کنیم، دو نتیجه را در پی خواهد داشت: چنانچه آن را واجد جنبه خصوصی بدانیم، فی‌الحال به دلیل فقدان شاکی خصوصی (که نفس این امر با توجه به استقبال گسترده کاربران فضای مجازی مورد تردید است) و چنانچه آن را واجد جنبه عمومی بدانیم، به دلیل این‌که اخلال در نظم عمومی و یا اخلاق حسنه باید مشهود باشد و هنوز دلیل یا شواهدی بر این مبناء در مرئی و منظر قرار نگرفته است، قابلیت بررسی نخواهد داشت؛ بنابراین دقت نظر دستگاه نظارتی در این مورد بسیار حیاتی است. \r\n\r\nاز آنجا که برای وقوع جرم، عناصر جرم باید به صورت تامه محقق شود و در فرض مسأله تحقق حتی «شروع به جرم» محل ابهام است. هم‌چنین، خود پیگرد و مجازات شروع به جرم درباره مصادیق فیلتر شده، محل سوال و ابهام دیگری است. البته، با اندکی تسامح می‌توان این موضوع را اماره و به عنوان یکی از دلایل علم بیّن قاضی در ارتکاب جرم فرض کرد. به فرض که بازی بات همستر کامبت را به عنوان یک «حامل داده» تلقی کنیم، در این صورت، چنان‌چه به واسطه بازی مذکور داده‌های ذخیره شده در دسترس اشخاص فاقد صلاحیت یا دولت، سازمان یا شرکت یا گروه بیگانه یا عاملان آنها قرار گیرد، می‌تواند مشمول مجازات حبس یا جزای نقدی مندرج در ماده ۷۳۱ قانون مجازات اسلامی باشد.\r\n\r\n- اصل ۱۲۳ و ۱۵۲ قانون اساسی\r\nمسأله از منظر پیشگیری از وقوع جرم به لحاظ این‌که جرم ناظر بر استفاده و بهره‌برداری (فعل) از یک پلتفرم خارجی است؛ قابل بررسی و آسیب‌شناسی می‌باشد. در اصل ۱۲۳ قانون اساسی دسترسی آزاد به اطلاعات و متعاقبا در قانون انتشار و دسترسی آزاد به اطلاعات مصوب ۱۳۸۷/۱۱/۰۶ مجلس شورای اسلامی، حق بر اطلاعات و داده‌های شخصی مورد شناسایی قرار گرفته است؛ اما به طور نسبی و مشروط به عدم سوءاستفاده از این حق شخصی با هدف اضرار به غیر. در مواردی که دولت تشخیص دهد با استفاده از پلتفرم‌های خارجی نوعی رخنه و نفوذ موجب سلطه خارجی مخالف اصل ۱۵۲ قانون اساسی و یا سرقت داده‌ها و اطلاعات محرمانه و شخصی کاربران داخلی محقق می‌شود، می‌تواند به ابزار‌های لازم به منظور پیشگیری از این امر مستمسک شود.\r\n\r\n- قوانین بین‌المللی\r\nالبته این تدابیر که به عنوان «تدابیر پیشگیرانه وضعی» شناخته می‌شوند، می‌تواند نوعی تجاوز به حریم خصوصی و خلوت افراد تلقی شده و نقض ماده ۱۲ اعلامیه جهانی حقوق بشر و ماده ۱۷-۱ میثاق بین‌المللی حقوق مدنی و سیاسی باشد. البته اجرای تدابیر مذکور قابل توجیه است. زیرا بند ۲ و ۳ اصل ۲۶ رهنمود‌های پیشگیری از وقوع جرم سازمان ملل متحد در سال ۲۰۰۲، بهره‌مندی از تدابیر پیشگیرانه وضعی که موجبات ورود آسیب به بدنه محیط اجتماعی را فراهم نکرده و دسترسی آزادانه به مکان‌های عمومی را مقید نکند، پیش‌بینی کرده است. ذکر این نکته نیز ضروری است که علی‌رغم تشکیل پلیس مبارزه با جرایم سایبری، در قوانین کنونی «ضابط تخصصی کشف جرایم سایبری» پیش‌بینی نشده است.\r\n\r\n- صیانت از حقوق شهروندی\r\nسخن پایانی این که، از آن‌جا که خروجی بازی‌بات همستر کامبت با وعده کسب رمزارز دیجیتال صورت گرفته و هدف عمده و بهتر است گفته شود، هدف اصلی کاربران ثروت‌اندوزی است، بنابراین ضرورت دارد از منظر حفظ و صیانت حقوق شهروندی به این مقوله توجه ویژه‌ای صورت گیرد.\r\n\r\nورود به موضوع قانون‌گذاری رمزارز دیجیتال در کشور به طور جامع و فراگیری صورت نگرفته و صرفا در سال ۱۳۹۸ تصویب‌نامه شماره ۵۸۱۴۴/۵۵۶۳۷ه‍ مورخ ۱۳۹۸/۰۵/۰۶ هیئت وزیران درباره استخراج فرآورده‌های پردازشی رمزنگاری شده مقرر شده است که «استفاده از رمزارز‌ها صرفاً با قبول مسئولیت خطرپذیری (ریسک) از سوی متعاملین صورت می‌گیرد و مشمول حمایت و ضمانت دولت و نظام بانکی نبوده و استفاده از آن در مبادلات داخل کشور مجاز نیست».\r\n\r\nبنابراین، ضروری است قانون جامع و واحدی پیرامون کسب و کار، سرمایه‌گذاری و یا هر نوع تحصیل پول از طریق رمزارز‌ها یا به هر طریق و روشی و در بستر فضای مجازی، منطبق با ضرورت‌های اجتماعی و فرهنگی جامعه، اسناد و معاهدات بین‌المللی که دولت جمهوری اسلامی ایران به آنها ملحق شده است و با رعایت موازین حقوق بشری و حقوق شهروندی، تدوین و به تصویب برسد.', '5.jpg', 'میزان', 4, 7, 13, '4krgtilerhfgikhdfkjbhgkvj'),
(7, '2024-07-02 08:52:50', 'آثار طلاق بر کودکان/ زخم‌هایی که تا بزرگسالی هم التیام نمی‌یابند ', 'شقاقی گفت:طلاق والدین می‌تواند بر روان، عاطفه و آینده اقتصادی کودکان اثرات مخربی داشته باشد.', 'لیلا شقاقی روانشناس بالینی کودک و‌نوجوان در گفتگو با باشگاه خبرنگاران جوان اظهار کرد:پدیده طلاق می‌تواند تأثیرات عمیقی بر کودکان داشته باشد، و این تأثیرات ممکن است تا بزرگسالی ادامه یابد. این تأثیرات ممکن است جنبه‌های مختلف زندگی فرد را در برگیرد، از جمله سلامت روان، روابط اجتماعی، و حتی موقعیت اقتصادی.\r\n\r\nسلامت روانی و عاطفی\r\nاو ادامه داد: کودکان طلاق ممکن است بیشتر در معرض اضطراب و افسردگی قرار بگیرند. این حالت می‌تواند به دلیل احساس از دست دادن، بی‌ثباتی و یا نگرانی از آینده باشد.برخی کودکان ممکن است رفتار‌های پرخاشگرانه یا انزوای اجتماعی از خود نشان دهند.\r\n\r\nروابط اجتماعی و خانوادگی\r\nشقاقی تصریح کرد:کودکان طلاق ممکن است در اعتماد به نفس و خودباوری دچار مشکلاتی شوند. رابطه کودکان با والدین به ویژه زمانی که یکی از والدین کمتر در زندگی آنها حضور دارد، ممکن است تحت تأثیر قرار گیرد.\r\n\r\nتحصیلات و موقعیت اقتصادی\r\n\r\nاو گفت:برخی مطالعات نشان می‌دهند که کودکان طلاق در مدرسه ممکن است عملکرد ضعیف‌تری داشته باشند. با کاهش منابع مالی خانواده پس از طلاق، کودکان ممکن است با مشکلات اقتصادی بیشتری مواجه شوند.\r\n\r\nتأثیرات بلندمدت در بزرگسالی\r\nروانشناس بالینی کودک ‌‌نوجوان تصریح کرد: کودکان طلاق در بزرگسالی ممکن است در برقراری و حفظ روابط عاطفی موفق دچار مشکل شوند.برخی تحقیقات نشان داده‌اند که کودکان طلاق ممکن است با چالش‌های بیشتری در محیط کار مواجه شوند.\r\n\r\nنقش دادگاه خانواده\r\nاو گفت: دادگاه‌های خانواده معمولاً تصمیماتی درباره حضانت کودکان می‌گیرند که می‌تواند تأثیر مستقیمی بر رفاه و سلامت کودکان داشته باشد. هدف از این تصمیمات حمایت از منافع عالی کودک است.دادگاه‌ها ممکن است ترتیبات مالی را برای حمایت از کودکان تعیین کنند که شامل نفقه فرزند و هزینه‌های مرتبط با تحصیلات و نیاز‌های روزمره می‌شود.دادگاه‌ها ممکن است خدمات مشاوره‌ای و راهنمایی را برای والدین و کودکان فراهم کنند تا به آنها در عبور از این دوره‌ی دشوار کمک کنند.\r\n\r\nشقاقی تصریح کرد:دریافت مشاوره خانوادگی می‌تواند به کودکان و والدین کمک کند تا بهتر با چالش‌های طلاق کنار بیایند.برنامه‌های حمایت اجتماعی و سازمان‌های غیرانتفاعی می‌توانند منابع و پشتیبانی لازم را برای خانواده‌های دچار طلاق فراهم کنند.\r\n\r\nاو گفت: توجه به نیاز‌های روانی، عاطفی، و مالی کودکان و ارائه حمایت‌های لازم از سوی دادگاه‌ها و سازمان‌های اجتماعی می‌تواند به کاهش این تأثیرات منفی کمک کند و راه را برای آینده‌ای بهتر برای این کودکان هموار سازد.', '9.jpeg', 'خبرنگار عطیه رضایی', 33, 9, 14, 'dfgdjfkhbvjvbjkkjvbkcvvkjbgkjv'),
(8, '2024-07-02 12:13:27', 'صادرات ۳۰۰ هزار دلاری محصولات دانش بنیان در خراسان شمالی', 'رییس پارک علم و فناوری خراسان شمالی از صادرات ۳۰۰ هزاردلاری تولیدات شرکت دانش بنیان استان در سه ماه نخست امسال خبرداد.', 'محمد رضا قربانی روند صادرات شرکت‌های دانش‌بنیان درخراسان شمالی را افزایشی دانست و گفت: کالا‌های صادراتی شرکت‌های دانش بنیان شامل انواع مصالح ساختمانی، پودر آلفا آلومینا، فوم و پکیج‌های سرمایشی و گرمایشی بوده که به کشور‌های روسیه، عراق، گرجستان و قزاقستان صادر شد.\r\nوی گفت: پارسال شرکت‌های دانش بنیان استان در مجموع یک میلیون و ۴۱۷ هزارو ۷۶۸ دلار تولیدات خود را صادرکردند.\r\nرییس پارک علم و فناوری استان در خصوص صادرات محصولات شرکت‎های دانش‌بنیان در دولت سیزدهم هم گفت: این شرکت‌ها در دو سال اخیر حدود ۳.۶ میلیون دلار صادرات داشتند که در مقایسه با میزان صادرات در سال ۱۴۰۰ که ۱۸۰ هزار دلار بود از رشد چشمگیری برخوردار بوده است.\r\n۱۳۵ واحد فناور ۱۳۶ شرکت دانش بنیان در خراسان شمالی وجود دارد که حدود ۱۲۵ شرکت فعال هستند.', '1.jpg', 'http://www.yjc.ir/00an4i', 13, 11, 1, 'njkcbvjhb jcvb jbcjbcbc'),
(9, '2024-07-05 13:27:16', 'dfghfmnbj', 'vvvvvvvvvvvvvvvvv', 'vvvvvvvvvvvvvvvvvvvvvvvvvvvvvvvvvvvvvvvvvvvvvvvvvvvvvvvvvvvvvvvvvvvvvvvvvvvvvvvvvvvvvvvvvvvvvvvvvvvvvvvvvvvvvvvvvvvvvvvvvvvvvvvvvvvvvvvvvvvvv', '2.jpg', 'retgrft', 11, 18, 13, 'fhhhhhhhhhhhhhhhhhhhh'),
(10, '2024-07-05 13:31:20', 'jjjjgfghn', 'jjjjjjjjjjjjjjjjjjjjjjjjjjjjjjjjjjjjjjjjjjjjjjjjjjjjjj', 'gjvbjbgggggggggggggggggggggggggggggggggggggggggggggggggjjjjjjjjjjjjjjjjjjjjjjjjjjjjjjjjjjjjjjjjjjjjj', '1.jpg', 'tgf', 7, 6, 13, 'r5tytrf'),
(11, '2024-07-05 13:28:26', 'fhhfhhhfffffffffffffffffffffff', 'fffffffhhhhhhhhhhhhhhhhhhhhhhhhhhhh', 'ffffffffffffffffffffffffffffffffffffffffffffffffffffffffffffffffffffffffffffffffffffffffffffffffffffffffffffffffffffffffffffffffffffffffffffffffffffffffffffffffffffffffffffffffffffffffff', '3.jpg', 'r.ir', 8, 13, 14, 'fhhhhhhhhhhhh');

-- --------------------------------------------------------

--
-- Table structure for table `article_tag`
--

CREATE TABLE `article_tag` (
  `id` bigint(20) UNSIGNED NOT NULL,
  `article_id` bigint(20) UNSIGNED NOT NULL,
  `tag_id` bigint(20) UNSIGNED NOT NULL
) ENGINE=InnoDB DEFAULT CHARSET=utf8 COLLATE=utf8_persian_ci;

--
-- Dumping data for table `article_tag`
--

INSERT INTO `article_tag` (`id`, `article_id`, `tag_id`) VALUES
(2, 7, 1),
(1, 7, 2);

-- --------------------------------------------------------

--
-- Table structure for table `categorys`
--

CREATE TABLE `categorys` (
  `id` bigint(20) UNSIGNED NOT NULL,
  `title` varchar(500) NOT NULL,
  `parent_id` bigint(20) UNSIGNED DEFAULT 0,
  `slug` varchar(1000) DEFAULT NULL
) ENGINE=InnoDB DEFAULT CHARSET=utf8 COLLATE=utf8_persian_ci;

--
-- Dumping data for table `categorys`
--

INSERT INTO `categorys` (`id`, `title`, `parent_id`, `slug`) VALUES
(1, 'مجلس', 0, 'jsdggggggggggggggggg\r\n'),
(2, 'فرهنگی', 0, 'tgldbhlkdfhglkhfgln'),
(3, 'سیاسی', 0, ' sjvfjkhbikjhkgbjhgd'),
(4, 'اقتصادی', 0, 'gjhhhhhhh'),
(5, 'ورزشی', 0, 'juygdfjvhgsdjkm'),
(6, 'والیبال', 5, 'kgfvidfjgfvigfgfg'),
(7, 'فوتبال', 5, 'jfsdgvsjsdj'),
(9, 'جامعه', 2, 'hgbkcfhvgbkfhnkjchnkj'),
(10, 'استان ها', 0, 'fgoiuycfio'),
(11, 'فارس', 10, 'njgfibhkbjgolblkv'),
(12, 'گیلان', 10, 'lnjgkfhgjnvkjbhn'),
(13, 'تهران', 10, 'trfghluivbgvkbjn\r\n'),
(15, 'خبرگان', 1, 'dfbj'),
(16, 'مسابقات', 2, 'gffffffffff'),
(17, 'ارز', 4, 'jjj'),
(18, 'انتخابات', 3, 'rfgbbbbbrdf');

-- --------------------------------------------------------

--
-- Table structure for table `comments`
--

CREATE TABLE `comments` (
  `id` bigint(20) UNSIGNED NOT NULL,
  `name` varchar(100) NOT NULL,
  `email` varchar(500) NOT NULL,
  `comment` text NOT NULL,
  `date` date NOT NULL,
  `article_id` bigint(20) UNSIGNED NOT NULL,
  `venify` tinyint(1) NOT NULL DEFAULT 0
) ENGINE=InnoDB DEFAULT CHARSET=utf8 COLLATE=utf8_persian_ci;

--
-- Dumping data for table `comments`
--

INSERT INTO `comments` (`id`, `name`, `email`, `comment`, `date`, `article_id`, `venify`) VALUES
(4, 'ali', 'ali@gmail.com', 'سایت عالی', '2024-07-10', 5, 1),
(6, 'بهرام', 'b@gmail.com', 'این خبر درست نیست', '2024-07-18', 7, 1),
(7, 'sara', 'sara@gmail.com', '#انتخابات', '2024-07-25', 5, 0);

-- --------------------------------------------------------

--
-- Table structure for table `setting`
--

CREATE TABLE `setting` (
  `id` bigint(20) UNSIGNED NOT NULL,
  `key_setting` varchar(500) NOT NULL,
  `value_setting` varchar(500) NOT NULL
) ENGINE=InnoDB DEFAULT CHARSET=utf8 COLLATE=utf8_persian_ci;

--
-- Dumping data for table `setting`
--

INSERT INTO `setting` (`id`, `key_setting`, `value_setting`) VALUES
(1, 'Advertise_header', '1.gif'),
(2, 'Advertise_middel1_index', '2.gif'),
(3, 'Advertise_middel2_index', '3.gif'),
(4, 'Advertise_left1_index', '1.gif'),
(5, 'Advertise_left2_index', '1.gif'),
(6, 'Advertise_left3_index', '2.gif'),
(7, 'Advertise_left4_index', '1.gif'),
(8, 'Advertise_left5_index', '1.gif'),
(9, 'Advertise_left6_index', '1.gif'),
(10, 'Advertise_left7_index', '1.gif'),
(11, 'Advertise_left8_index', '2.gif');

-- --------------------------------------------------------

--
-- Table structure for table `tags`
--

CREATE TABLE `tags` (
  `id` bigint(20) UNSIGNED NOT NULL,
  `title` varchar(500) NOT NULL,
  `slug` varchar(1000) NOT NULL
) ENGINE=InnoDB DEFAULT CHARSET=utf8 COLLATE=utf8_persian_ci;

--
-- Dumping data for table `tags`
--

INSERT INTO `tags` (`id`, `title`, `slug`) VALUES
(2, 'اقتصادی', 'ffff'),
(1, 'سیاسی', 'hhh');

--
-- Indexes for dumped tables
--

--
-- Indexes for table `admins`
--
ALTER TABLE `admins`
  ADD PRIMARY KEY (`id`),
  ADD UNIQUE KEY `username` (`username`),
  ADD UNIQUE KEY `id` (`id`,`username`),
  ADD UNIQUE KEY `name` (`name`),
  ADD KEY `id_2` (`id`),
  ADD KEY `id_3` (`id`);

--
-- Indexes for table `articles`
--
ALTER TABLE `articles`
  ADD PRIMARY KEY (`id`),
  ADD UNIQUE KEY `slug` (`slug`),
  ADD KEY `category_id` (`admin_id`),
  ADD KEY `admin_id` (`admin_id`),
  ADD KEY `id` (`id`),
  ADD KEY `category_id_2` (`category_id`);

--
-- Indexes for table `article_tag`
--
ALTER TABLE `article_tag`
  ADD PRIMARY KEY (`id`),
  ADD KEY `article_id` (`article_id`,`tag_id`),
  ADD KEY `tag_id` (`tag_id`);

--
-- Indexes for table `categorys`
--
ALTER TABLE `categorys`
  ADD PRIMARY KEY (`id`),
  ADD UNIQUE KEY `slug` (`slug`),
  ADD KEY `id` (`id`),
  ADD KEY `id_2` (`id`);

--
-- Indexes for table `comments`
--
ALTER TABLE `comments`
  ADD PRIMARY KEY (`id`),
  ADD KEY `article_id` (`article_id`),
  ADD KEY `article_id_2` (`article_id`),
  ADD KEY `article_id_3` (`article_id`);

--
-- Indexes for table `setting`
--
ALTER TABLE `setting`
  ADD PRIMARY KEY (`id`),
  ADD UNIQUE KEY `key_setting` (`key_setting`);

--
-- Indexes for table `tags`
--
ALTER TABLE `tags`
  ADD PRIMARY KEY (`title`),
  ADD UNIQUE KEY `id` (`id`,`title`),
  ADD UNIQUE KEY `slug` (`slug`),
  ADD KEY `id_2` (`id`);

--
-- AUTO_INCREMENT for dumped tables
--

--
-- AUTO_INCREMENT for table `admins`
--
ALTER TABLE `admins`
  MODIFY `id` bigint(20) UNSIGNED NOT NULL AUTO_INCREMENT, AUTO_INCREMENT=16;

--
-- AUTO_INCREMENT for table `articles`
--
ALTER TABLE `articles`
  MODIFY `id` bigint(20) UNSIGNED NOT NULL AUTO_INCREMENT, AUTO_INCREMENT=17;

--
-- AUTO_INCREMENT for table `article_tag`
--
ALTER TABLE `article_tag`
  MODIFY `id` bigint(20) UNSIGNED NOT NULL AUTO_INCREMENT, AUTO_INCREMENT=3;

--
-- AUTO_INCREMENT for table `categorys`
--
ALTER TABLE `categorys`
  MODIFY `id` bigint(20) UNSIGNED NOT NULL AUTO_INCREMENT, AUTO_INCREMENT=19;

--
-- AUTO_INCREMENT for table `comments`
--
ALTER TABLE `comments`
  MODIFY `id` bigint(20) UNSIGNED NOT NULL AUTO_INCREMENT, AUTO_INCREMENT=8;

--
-- AUTO_INCREMENT for table `setting`
--
ALTER TABLE `setting`
  MODIFY `id` bigint(20) UNSIGNED NOT NULL AUTO_INCREMENT, AUTO_INCREMENT=12;

--
-- Constraints for dumped tables
--

--
-- Constraints for table `articles`
--
ALTER TABLE `articles`
  ADD CONSTRAINT `articles_ibfk_1` FOREIGN KEY (`admin_id`) REFERENCES `admins` (`id`),
  ADD CONSTRAINT `articles_ibfk_2` FOREIGN KEY (`category_id`) REFERENCES `categorys` (`id`);

--
-- Constraints for table `article_tag`
--
ALTER TABLE `article_tag`
  ADD CONSTRAINT `article_tag_ibfk_1` FOREIGN KEY (`tag_id`) REFERENCES `tags` (`id`),
  ADD CONSTRAINT `article_tag_ibfk_2` FOREIGN KEY (`article_id`) REFERENCES `articles` (`id`);

--
-- Constraints for table `comments`
--
ALTER TABLE `comments`
  ADD CONSTRAINT `comments_ibfk_1` FOREIGN KEY (`article_id`) REFERENCES `articles` (`id`);
COMMIT;

/*!40101 SET CHARACTER_SET_CLIENT=@OLD_CHARACTER_SET_CLIENT */;
/*!40101 SET CHARACTER_SET_RESULTS=@OLD_CHARACTER_SET_RESULTS */;
/*!40101 SET COLLATION_CONNECTION=@OLD_COLLATION_CONNECTION */;
